chapter,verse,text
1,1,ΠΑΥΛΟΣ ΚΑΙ ΤΙΜΟΘΕΟΣ ΔΟΥΛΟΙ ΧΡΙΣΤΟΥ ΙΗΣΟΥ ΠΑΣΙΝ ΤΟΙΣ ΑΓΙΟΙΣ ΕΝ ΧΡΙΣΤΩΙ ΙΗΣΟΥ ΤΟΙΣ ΟΥΣΙΝ ΕΝ ΦΙΛΙΠΠΟΙΣ ΣΥΝ ΕΠΙΣΚΟΠΟΙΣ ΚΑΙ ΔΙΑΚΟΝΟΙΣ
1,2,ΧΑΡΙΣ ΥΜΙΝ ΚΑΙ ΕΙΡΗΝΗ ΑΠΟ ΘΕΟΥ ΠΑΤΡΟΣ ΗΜΩΝ ΚΑΙ ΚΥΡΙΟΥ ΙΗΣΟΥ ΧΡΙΣΤΟΥ
1,3,ΕΥΧΑΡΙΣΤΩ ΤΩΙ ΘΕΩΙ ΜΟΥ ΕΠΙ ΠΑΣΗΙ ΤΗΙ ΜΝΕΙΑΙ ΥΜΩΝ
1,4,ΠΑΝΤΟΤΕ ΕΝ ΠΑΣΗΙ ΔΕΗΣΕΙ ΜΟΥ ΥΠΕΡ ΠΑΝΤΩΝ ΥΜΩΝ ΜΕΤΑ ΧΑΡΑΣ ΤΗΝ ΔΕΗΣΙΝ ΠΟΙΟΥΜΕΝΟΣ
1,5,ΕΠΙ ΤΗΙ ΚΟΙΝΩΝΙΑΙ ΥΜΩΝ ΕΙΣ ΤΟ ΕΥΑΓΓΕΛΙΟΝ ΑΠΟ ΤΗΣ ΠΡΩΤΗΣ ΗΜΕΡΑΣ ΑΧΡΙ ΤΟΥ ΝΥΝ
1,6,ΠΕΠΟΙΘΩΣ ΑΥΤΟ ΤΟΥΤΟ ΟΤΙ Ο ΕΝΑΡΞΑΜΕΝΟΣ ΕΝ ΥΜΙΝ ΕΡΓΟΝ ΑΓΑΘΟΝ ΕΠΙΤΕΛΕΣΕΙ ΑΧΡΙ ΗΜΕΡΑΣ ΧΡΙΣΤΟΥ ΙΗΣΟΥ
1,7,ΚΑΘΩΣ ΕΣΤΙΝ ΔΙΚΑΙΟΝ ΕΜΟΙ ΤΟΥΤΟ ΦΡΟΝΕΙΝ ΥΠΕΡ ΠΑΝΤΩΝ ΥΜΩΝ ΔΙΑ ΤΟ ΕΧΕΙΝ ΜΕ ΕΝ ΤΗΙ ΚΑΡΔΙΑΙ ΥΜΑΣ ΕΝ ΤΕ ΤΟΙΣ ΔΕΣΜΟΙΣ ΜΟΥ ΚΑΙ ΕΝ ΤΗΙ ΑΠΟΛΟΓΙΑΙ ΚΑΙ ΒΕΒΑΙΩΣΕΙ ΤΟΥ ΕΥΑΓΓΕΛΙΟΥ ΣΥΝΚΟΙΝΩΝΟΥΣ ΜΟΥ ΤΗΣ ΧΑΡΙΤΟΣ ΠΑΝΤΑΣ ΥΜΑΣ ΟΝΤΑΣ
1,8,ΜΑΡΤΥΣ ΓΑΡ ΜΟΥ Ο ΘΕΟΣ ΩΣ ΕΠΙΠΟΘΩ ΠΑΝΤΑΣ ΥΜΑΣ ΕΝ ΣΠΛΑΓΧΝΟΙΣ ΧΡΙΣΤΟΥ ΙΗΣΟΥ
1,9,ΚΑΙ ΤΟΥΤΟ ΠΡΟΣΕΥΧΟΜΑΙ ΙΝΑ Η ΑΓΑΠΗ ΥΜΩΝ ΕΤΙ ΜΑΛΛΟΝ ΚΑΙ ΜΑΛΛΟΝ ΠΕΡΙΣΣΕΥΗΙ ΕΝ ΕΠΙΓΝΩΣΕΙ ΚΑΙ ΠΑΣΗΙ ΑΙΣΘΗΣΕΙ
1,10,ΕΙΣ ΤΟ ΔΟΚΙΜΑΖΕΙΝ ΥΜΑΣ ΤΑ ΔΙΑΦΕΡΟΝΤΑ ΙΝΑ ΗΤΕ ΕΙΛΙΚΡΙΝΕΙΣ ΚΑΙ ΑΠΡΟΣΚΟΠΟΙ ΕΙΣ ΗΜΕΡΑΝ ΧΡΙΣΤΟΥ
1,11,ΠΕΠΛΗΡΩΜΕΝΟΙ ΚΑΡΠΟΝ ΔΙΚΑΙΟΣΥΝΗΣ ΤΟΝ ΔΙΑ ΙΗΣΟΥ ΧΡΙΣΤΟΥ ΕΙΣ ΔΟΞΑΝ ΚΑΙ ΕΠΑΙΝΟΝ ΘΕΟΥ
1,12,ΓΙΝΩΣΚΕΙΝ ΔΕ ΥΜΑΣ ΒΟΥΛΟΜΑΙ ΑΔΕΛΦΟΙ ΟΤΙ ΤΑ ΚΑΤΑ ΕΜΕ ΜΑΛΛΟΝ ΕΙΣ ΠΡΟΚΟΠΗΝ ΤΟΥ ΕΥΑΓΓΕΛΙΟΥ ΕΛΗΛΥΘΕΝ
1,13,ΩΣΤΕ ΤΟΥΣ ΔΕΣΜΟΥΣ ΜΟΥ ΦΑΝΕΡΟΥΣ ΕΝ ΧΡΙΣΤΩΙ ΓΕΝΕΣΘΑΙ ΕΝ ΟΛΩΙ ΤΩΙ ΠΡΑΙΤΩΡΙΩΙ ΚΑΙ ΤΟΙΣ ΛΟΙΠΟΙΣ ΠΑΣΙΝ
1,14,ΚΑΙ ΤΟΥΣ ΠΛΕΙΟΝΑΣ ΤΩΝ ΑΔΕΛΦΩΝ ΕΝ ΚΥΡΙΩΙ ΠΕΠΟΙΘΟΤΑΣ ΤΟΙΣ ΔΕΣΜΟΙΣ ΜΟΥ ΠΕΡΙΣΣΟΤΕΡΩΣ ΤΟΛΜΑΝ ΑΦΟΒΩΣ ΤΟΝ ΛΟΓΟΝ ΛΑΛΕΙΝ
1,15,ΤΙΝΕΣ ΜΕΝ ΚΑΙ ΔΙΑ ΦΘΟΝΟΝ ΚΑΙ ΕΡΙΝ ΤΙΝΕΣ ΔΕ ΚΑΙ ΔΙΑ ΕΥΔΟΚΙΑΝ ΤΟΝ ΧΡΙΣΤΟΝ ΚΗΡΥΣΣΟΥΣΙΝ
1,16,ΟΙ ΜΕΝ ΕΞ ΑΓΑΠΗΣ ΕΙΔΟΤΕΣ ΟΤΙ ΕΙΣ ΑΠΟΛΟΓΙΑΝ ΤΟΥ ΕΥΑΓΓΕΛΙΟΥ ΚΕΙΜΑΙ
1,17,ΟΙ ΔΕ ΕΞ ΕΡΙΘΕΙΑΣ ΤΟΝ ΧΡΙΣΤΟΝ ΚΑΤΑΓΓΕΛΛΟΥΣΙΝ ΟΥΧ ΑΓΝΩΣ ΟΙΟΜΕΝΟΙ ΘΛΙΨΙΝ ΕΓΕΙΡΕΙΝ ΤΟΙΣ ΔΕΣΜΟΙΣ ΜΟΥ
1,18,ΤΙ ΓΑΡ ΠΛΗΝ ΟΤΙ ΠΑΝΤΙ ΤΡΟΠΩΙ ΕΙΤΕ ΠΡΟΦΑΣΕΙ ΕΙΤΕ ΑΛΗΘΕΙΑΙ ΧΡΙΣΤΟΣ ΚΑΤΑΓΓΕΛΛΕΤΑΙ ΚΑΙ ΕΝ ΤΟΥΤΩΙ ΧΑΙΡΩ ΑΛΛΑ ΚΑΙ ΧΑΡΗΣΟΜΑΙ
1,19,ΟΙΔΑ ΓΑΡ ΟΤΙ ΤΟΥΤΟ ΜΟΙ ΑΠΟΒΗΣΕΤΑΙ ΕΙΣ ΣΩΤΗΡΙΑΝ ΔΙΑ ΤΗΣ ΥΜΩΝ ΔΕΗΣΕΩΣ ΚΑΙ ΕΠΙΧΟΡΗΓΙΑΣ ΤΟΥ ΠΝΕΥΜΑΤΟΣ ΙΗΣΟΥ ΧΡΙΣΤΟΥ
1,20,ΚΑΤΑ ΤΗΝ ΑΠΟΚΑΡΑΔΟΚΙΑΝ ΚΑΙ ΕΛΠΙΔΑ ΜΟΥ ΟΤΙ ΕΝ ΟΥΔΕΝΙ ΑΙΣΧΥΝΘΗΣΟΜΑΙ ΑΛΛΑ ΕΝ ΠΑΣΗΙ ΠΑΡΡΗΣΙΑΙ ΩΣ ΠΑΝΤΟΤΕ ΚΑΙ ΝΥΝ ΜΕΓΑΛΥΝΘΗΣΕΤΑΙ ΧΡΙΣΤΟΣ ΕΝ ΤΩΙ ΣΩΜΑΤΙ ΜΟΥ ΕΙΤΕ ΔΙΑ ΖΩΗΣ ΕΙΤΕ ΔΙΑ ΘΑΝΑΤΟΥ
1,21,ΕΜΟΙ ΓΑΡ ΤΟ ΖΗΝ ΧΡΙΣΤΟΣ ΚΑΙ ΤΟ ΑΠΟΘΑΝΕΙΝ ΚΕΡΔΟΣ
1,22,ΕΙ ΔΕ ΤΟ ΖΗΝ ΕΝ ΣΑΡΚΙ ΤΟΥΤΟ ΜΟΙ ΚΑΡΠΟΣ ΕΡΓΟΥ ΚΑΙ ΤΙ ΑΙΡΗΣΟΜΑΙ ΟΥ ΓΝΩΡΙΖΩ
1,23,ΣΥΝΕΧΟΜΑΙ ΔΕ ΕΚ ΤΩΝ ΔΥΟ ΤΗΝ ΕΠΙΘΥΜΙΑΝ ΕΧΩΝ ΕΙΣ ΤΟ ΑΝΑΛΥΣΑΙ ΚΑΙ ΣΥΝ ΧΡΙΣΤΩΙ ΕΙΝΑΙ ΠΟΛΛΩΙ ΓΑΡ ΜΑΛΛΟΝ ΚΡΕΙΣΣΟΝ
1,24,ΤΟ ΔΕ ΕΠΙΜΕΝΕΙΝ ΕΝ ΤΗΙ ΣΑΡΚΙ ΑΝΑΓΚΑΙΟΤΕΡΟΝ ΔΙΑ ΥΜΑΣ
1,25,ΚΑΙ ΤΟΥΤΟ ΠΕΠΟΙΘΩΣ ΟΙΔΑ ΟΤΙ ΜΕΝΩ ΚΑΙ ΠΑΡΑΜΕΝΩ ΠΑΣΙΝ ΥΜΙΝ ΕΙΣ ΤΗΝ ΥΜΩΝ ΠΡΟΚΟΠΗΝ ΚΑΙ ΧΑΡΑΝ ΤΗΣ ΠΙΣΤΕΩΣ
1,26,ΙΝΑ ΤΟ ΚΑΥΧΗΜΑ ΥΜΩΝ ΠΕΡΙΣΣΕΥΗΙ ΕΝ ΧΡΙΣΤΩΙ ΙΗΣΟΥ ΕΝ ΕΜΟΙ ΔΙΑ ΤΗΣ ΕΜΗΣ ΠΑΡΟΥΣΙΑΣ ΠΑΛΙΝ ΠΡΟΣ ΥΜΑΣ
1,27,ΜΟΝΟΝ ΑΞΙΩΣ ΤΟΥ ΕΥΑΓΓΕΛΙΟΥ ΤΟΥ ΧΡΙΣΤΟΥ ΠΟΛΙΤΕΥΕΣΘΕ ΙΝΑ ΕΙΤΕ ΕΛΘΩΝ ΚΑΙ ΙΔΩΝ ΥΜΑΣ ΕΙΤΕ ΑΠΩΝ ΑΚΟΥΩ ΤΑ ΠΕΡΙ ΥΜΩΝ ΟΤΙ ΣΤΗΚΕΤΕ ΕΝ ΕΝΙ ΠΝΕΥΜΑΤΙ ΜΙΑΙ ΨΥΧΗΙ ΣΥΝΑΘΛΟΥΝΤΕΣ ΤΗΙ ΠΙΣΤΕΙ ΤΟΥ ΕΥΑΓΓΕΛΙΟΥ
1,28,ΚΑΙ ΜΗ ΠΤΥΡΟΜΕΝΟΙ ΕΝ ΜΗΔΕΝΙ ΥΠΟ ΤΩΝ ΑΝΤΙΚΕΙΜΕΝΩΝ ΗΤΙΣ ΕΣΤΙΝ ΑΥΤΟΙΣ ΕΝΔΕΙΞΙΣ ΑΠΩΛΕΙΑΣ ΥΜΩΝ ΔΕ ΣΩΤΗΡΙΑΣ ΚΑΙ ΤΟΥΤΟ ΑΠΟ ΘΕΟΥ
1,29,ΟΤΙ ΥΜΙΝ ΕΧΑΡΙΣΘΗ ΤΟ ΥΠΕΡ ΧΡΙΣΤΟΥ ΟΥ ΜΟΝΟΝ ΤΟ ΕΙΣ ΑΥΤΟΝ ΠΙΣΤΕΥΕΙΝ ΑΛΛΑ ΚΑΙ ΤΟ ΥΠΕΡ ΑΥΤΟΥ ΠΑΣΧΕΙΝ
1,30,ΤΟΝ ΑΥΤΟΝ ΑΓΩΝΑ ΕΧΟΝΤΕΣ ΟΙΟΝ ΕΙΔΕΤΕ ΕΝ ΕΜΟΙ ΚΑΙ ΝΥΝ ΑΚΟΥΕΤΕ ΕΝ ΕΜΟΙ
2,1,ΕΙ ΤΙΣ ΟΥΝ ΠΑΡΑΚΛΗΣΙΣ ΕΝ ΧΡΙΣΤΩΙ ΕΙ ΤΙ ΠΑΡΑΜΥΘΙΟΝ ΑΓΑΠΗΣ ΕΙ ΤΙΣ ΚΟΙΝΩΝΙΑ ΠΝΕΥΜΑΤΟΣ ΕΙ ΤΙΣ ΣΠΛΑΓΧΝΑ ΚΑΙ ΟΙΚΤΙΡΜΟΙ
2,2,ΠΛΗΡΩΣΑΤΕ ΜΟΥ ΤΗΝ ΧΑΡΑΝ ΙΝΑ ΤΟ ΑΥΤΟ ΦΡΟΝΗΤΕ ΤΗΝ ΑΥΤΗΝ ΑΓΑΠΗΝ ΕΧΟΝΤΕΣ ΣΥΝΨΥΧΟΙ ΤΟ ΕΝ ΦΡΟΝΟΥΝΤΕΣ
2,3,ΜΗΔΕΝ ΚΑΤΑ ΕΡΙΘΕΙΑΝ ΜΗΔΕ ΚΑΤΑ ΚΕΝΟΔΟΞΙΑΝ ΑΛΛΑ ΤΗΙ ΤΑΠΕΙΝΟΦΡΟΣΥΝΗΙ ΑΛΛΗΛΟΥΣ ΗΓΟΥΜΕΝΟΙ ΥΠΕΡΕΧΟΝΤΑΣ ΕΑΥΤΩΝ
2,4,ΜΗ ΤΑ ΕΑΥΤΩΝ ΕΚΑΣΤΟΣ ΣΚΟΠΟΥΝΤΕΣ ΑΛΛΑ ΚΑΙ ΤΑ ΕΤΕΡΩΝ ΕΚΑΣΤΟΙ
2,5,ΤΟΥΤΟ ΦΡΟΝΕΙΤΕ ΕΝ ΥΜΙΝ Ο ΚΑΙ ΕΝ ΧΡΙΣΤΩΙ ΙΗΣΟΥ
2,6,ΟΣ ΕΝ ΜΟΡΦΗΙ ΘΕΟΥ ΥΠΑΡΧΩΝ ΟΥΧ ΑΡΠΑΓΜΟΝ ΗΓΗΣΑΤΟ ΤΟ ΕΙΝΑΙ ΙΣΑ ΘΕΩΙ
2,7,ΑΛΛΑ ΕΑΥΤΟΝ ΕΚΕΝΩΣΕΝ ΜΟΡΦΗΝ ΔΟΥΛΟΥ ΛΑΒΩΝ ΕΝ ΟΜΟΙΩΜΑΤΙ ΑΝΘΡΩΠΩΝ ΓΕΝΟΜΕΝΟΣ ΚΑΙ ΣΧΗΜΑΤΙ ΕΥΡΕΘΕΙΣ ΩΣ ΑΝΘΡΩΠΟΣ
2,8,ΕΤΑΠΕΙΝΩΣΕΝ ΕΑΥΤΟΝ ΓΕΝΟΜΕΝΟΣ ΥΠΗΚΟΟΣ ΜΕΧΡΙ ΘΑΝΑΤΟΥ ΘΑΝΑΤΟΥ ΔΕ ΣΤΑΥΡΟΥ
2,9,ΔΙΟ ΚΑΙ Ο ΘΕΟΣ ΑΥΤΟΝ ΥΠΕΡΥΨΩΣΕΝ ΚΑΙ ΕΧΑΡΙΣΑΤΟ ΑΥΤΩΙ ΤΟ ΟΝΟΜΑ ΤΟ ΥΠΕΡ ΠΑΝ ΟΝΟΜΑ
2,10,ΙΝΑ ΕΝ ΤΩΙ ΟΝΟΜΑΤΙ ΙΗΣΟΥ ΠΑΝ ΓΟΝΥ ΚΑΜΨΗΙ ΕΠΟΥΡΑΝΙΩΝ ΚΑΙ ΕΠΙΓΕΙΩΝ ΚΑΙ ΚΑΤΑΧΘΟΝΙΩΝ
2,11,ΚΑΙ ΠΑΣΑ ΓΛΩΣΣΑ ΕΞΟΜΟΛΟΓΗΣΗΤΑΙ ΟΤΙ ΚΥΡΙΟΣ ΙΗΣΟΥΣ ΧΡΙΣΤΟΣ ΕΙΣ ΔΟΞΑΝ ΘΕΟΥ ΠΑΤΡΟΣ
2,12,ΩΣΤΕ ΑΓΑΠΗΤΟΙ ΜΟΥ ΚΑΘΩΣ ΠΑΝΤΟΤΕ ΥΠΗΚΟΥΣΑΤΕ ΜΗ ΩΣ ΕΝ ΤΗΙ ΠΑΡΟΥΣΙΑΙ ΜΟΥ ΜΟΝΟΝ ΑΛΛΑ ΝΥΝ ΠΟΛΛΩΙ ΜΑΛΛΟΝ ΕΝ ΤΗΙ ΑΠΟΥΣΙΑΙ ΜΟΥ ΜΕΤΑ ΦΟΒΟΥ ΚΑΙ ΤΡΟΜΟΥ ΤΗΝ ΕΑΥΤΩΝ ΣΩΤΗΡΙΑΝ ΚΑΤΕΡΓΑΖΕΣΘΕ
2,13,ΘΕΟΣ ΓΑΡ ΕΣΤΙΝ Ο ΕΝΕΡΓΩΝ ΕΝ ΥΜΙΝ ΚΑΙ ΤΟ ΘΕΛΕΙΝ ΚΑΙ ΤΟ ΕΝΕΡΓΕΙΝ ΥΠΕΡ ΤΗΣ ΕΥΔΟΚΙΑΣ
2,14,ΠΑΝΤΑ ΠΟΙΕΙΤΕ ΧΩΡΙΣ ΓΟΓΓΥΣΜΩΝ ΚΑΙ ΔΙΑΛΟΓΙΣΜΩΝ
2,15,ΙΝΑ ΓΕΝΗΣΘΕ ΑΜΕΜΠΤΟΙ ΚΑΙ ΑΚΕΡΑΙΟΙ ΤΕΚΝΑ ΘΕΟΥ ΑΜΩΜΑ ΜΕΣΟΝ ΓΕΝΕΑΣ ΣΚΟΛΙΑΣ ΚΑΙ ΔΙΕΣΤΡΑΜΜΕΝΗΣ ΕΝ ΟΙΣ ΦΑΙΝΕΣΘΕ ΩΣ ΦΩΣΤΗΡΕΣ ΕΝ ΚΟΣΜΩΙ
2,16,ΛΟΓΟΝ ΖΩΗΣ ΕΠΕΧΟΝΤΕΣ ΕΙΣ ΚΑΥΧΗΜΑ ΕΜΟΙ ΕΙΣ ΗΜΕΡΑΝ ΧΡΙΣΤΟΥ ΟΤΙ ΟΥΚ ΕΙΣ ΚΕΝΟΝ ΕΔΡΑΜΟΝ ΟΥΔΕ ΕΙΣ ΚΕΝΟΝ ΕΚΟΠΙΑΣΑ
2,17,ΑΛΛΑ ΕΙ ΚΑΙ ΣΠΕΝΔΟΜΑΙ ΕΠΙ ΤΗΙ ΘΥΣΙΑΙ ΚΑΙ ΛΕΙΤΟΥΡΓΙΑΙ ΤΗΣ ΠΙΣΤΕΩΣ ΥΜΩΝ ΧΑΙΡΩ ΚΑΙ ΣΥΝΧΑΙΡΩ ΠΑΣΙΝ ΥΜΙΝ
2,18,ΤΟ ΔΕ ΑΥΤΟ ΚΑΙ ΥΜΕΙΣ ΧΑΙΡΕΤΕ ΚΑΙ ΣΥΝΧΑΙΡΕΤΕ ΜΟΙ
2,19,ΕΛΠΙΖΩ ΔΕ ΕΝ ΚΥΡΙΩΙ ΙΗΣΟΥ ΤΙΜΟΘΕΟΝ ΤΑΧΕΩΣ ΠΕΜΨΑΙ ΥΜΙΝ ΙΝΑ ΚΑΓΩ ΕΥΨΥΧΩ ΓΝΟΥΣ ΤΑ ΠΕΡΙ ΥΜΩΝ
2,20,ΟΥΔΕΝΑ ΓΑΡ ΕΧΩ ΙΣΟΨΥΧΟΝ ΟΣΤΙΣ ΓΝΗΣΙΩΣ ΤΑ ΠΕΡΙ ΥΜΩΝ ΜΕΡΙΜΝΗΣΕΙ
2,21,ΟΙ ΠΑΝΤΕΣ ΓΑΡ ΤΑ ΕΑΥΤΩΝ ΖΗΤΟΥΣΙΝ ΟΥ ΤΑ ΙΗΣΟΥ ΧΡΙΣΤΟΥ
2,22,ΤΗΝ ΔΕ ΔΟΚΙΜΗΝ ΑΥΤΟΥ ΓΙΝΩΣΚΕΤΕ ΟΤΙ ΩΣ ΠΑΤΡΙ ΤΕΚΝΟΝ ΣΥΝ ΕΜΟΙ ΕΔΟΥΛΕΥΣΕΝ ΕΙΣ ΤΟ ΕΥΑΓΓΕΛΙΟΝ
2,23,ΤΟΥΤΟΝ ΜΕΝ ΟΥΝ ΕΛΠΙΖΩ ΠΕΜΨΑΙ ΩΣ ΑΝ ΑΦΙΔΩ ΤΑ ΠΕΡΙ ΕΜΕ ΕΞΑΥΤΗΣ
2,24,ΠΕΠΟΙΘΑ ΔΕ ΕΝ ΚΥΡΙΩΙ ΟΤΙ ΚΑΙ ΑΥΤΟΣ ΤΑΧΕΩΣ ΕΛΕΥΣΟΜΑΙ
2,25,ΑΝΑΓΚΑΙΟΝ ΔΕ ΗΓΗΣΑΜΗΝ ΕΠΑΦΡΟΔΙΤΟΝ ΤΟΝ ΑΔΕΛΦΟΝ ΚΑΙ ΣΥΝΕΡΓΟΝ ΚΑΙ ΣΥΝΣΤΡΑΤΙΩΤΗΝ ΜΟΥ ΥΜΩΝ ΔΕ ΑΠΟΣΤΟΛΟΝ ΚΑΙ ΛΕΙΤΟΥΡΓΟΝ ΤΗΣ ΧΡΕΙΑΣ ΜΟΥ ΠΕΜΨΑΙ ΠΡΟΣ ΥΜΑΣ
2,26,ΕΠΕΙΔΗ ΕΠΙΠΟΘΩΝ ΗΝ ΠΑΝΤΑΣ ΥΜΑΣ ΚΑΙ ΑΔΗΜΟΝΩΝ ΔΙΟΤΙ ΗΚΟΥΣΑΤΕ ΟΤΙ ΗΣΘΕΝΗΣΕΝ
2,27,ΚΑΙ ΓΑΡ ΗΣΘΕΝΗΣΕΝ ΠΑΡΑΠΛΗΣΙΟΝ ΘΑΝΑΤΩΙ ΑΛΛΑ Ο ΘΕΟΣ ΗΛΕΗΣΕΝ ΑΥΤΟΝ ΟΥΚ ΑΥΤΟΝ ΔΕ ΜΟΝΟΝ ΑΛΛΑ ΚΑΙ ΕΜΕ ΙΝΑ ΜΗ ΛΥΠΗΝ ΕΠΙ ΛΥΠΗΝ ΣΧΩ
2,28,ΣΠΟΥΔΑΙΟΤΕΡΩΣ ΟΥΝ ΕΠΕΜΨΑ ΑΥΤΟΝ ΙΝΑ ΙΔΟΝΤΕΣ ΑΥΤΟΝ ΠΑΛΙΝ ΧΑΡΗΤΕ ΚΑΓΩ ΑΛΥΠΟΤΕΡΟΣ Ω
2,29,ΠΡΟΣΔΕΧΕΣΘΕ ΟΥΝ ΑΥΤΟΝ ΕΝ ΚΥΡΙΩΙ ΜΕΤΑ ΠΑΣΗΣ ΧΑΡΑΣ ΚΑΙ ΤΟΥΣ ΤΟΙΟΥΤΟΥΣ ΕΝΤΙΜΟΥΣ ΕΧΕΤΕ
2,30,ΟΤΙ ΔΙΑ ΤΟ ΕΡΓΟΝ ΧΡΙΣΤΟΥ ΜΕΧΡΙ ΘΑΝΑΤΟΥ ΗΓΓΙΣΕΝ ΠΑΡΑΒΟΛΕΥΣΑΜΕΝΟΣ ΤΗΙ ΨΥΧΗΙ ΙΝΑ ΑΝΑΠΛΗΡΩΣΗΙ ΤΟ ΥΜΩΝ ΥΣΤΕΡΗΜΑ ΤΗΣ ΠΡΟΣ ΜΕ ΛΕΙΤΟΥΡΓΙΑΣ
3,1,ΤΟ ΛΟΙΠΟΝ ΑΔΕΛΦΟΙ ΜΟΥ ΧΑΙΡΕΤΕ ΕΝ ΚΥΡΙΩΙ ΤΑ ΑΥΤΑ ΓΡΑΦΕΙΝ ΥΜΙΝ ΕΜΟΙ ΜΕΝ ΟΥΚ ΟΚΝΗΡΟΝ ΥΜΙΝ ΔΕ ΑΣΦΑΛΕΣ
3,2,ΒΛΕΠΕΤΕ ΤΟΥΣ ΚΥΝΑΣ ΒΛΕΠΕΤΕ ΤΟΥΣ ΚΑΚΟΥΣ ΕΡΓΑΤΑΣ ΒΛΕΠΕΤΕ ΤΗΝ ΚΑΤΑΤΟΜΗΝ
3,3,ΗΜΕΙΣ ΓΑΡ ΕΣΜΕΝ Η ΠΕΡΙΤΟΜΗ ΟΙ ΠΝΕΥΜΑΤΙ ΘΕΟΥ ΛΑΤΡΕΥΟΝΤΕΣ ΚΑΙ ΚΑΥΧΩΜΕΝΟΙ ΕΝ ΧΡΙΣΤΩΙ ΙΗΣΟΥ ΚΑΙ ΟΥΚ ΕΝ ΣΑΡΚΙ ΠΕΠΟΙΘΟΤΕΣ
3,4,ΚΑΙΠΕΡ ΕΓΩ ΕΧΩΝ ΠΕΠΟΙΘΗΣΙΝ ΚΑΙ ΕΝ ΣΑΡΚΙ ΕΙ ΤΙΣ ΔΟΚΕΙ ΑΛΛΟΣ ΠΕΠΟΙΘΕΝΑΙ ΕΝ ΣΑΡΚΙ ΕΓΩ ΜΑΛΛΟΝ
3,5,ΠΕΡΙΤΟΜΗΙ ΟΚΤΑΗΜΕΡΟΣ ΕΚ ΓΕΝΟΥΣ ΙΣΡΑΗΛ ΦΥΛΗΣ ΒΕΝΙΑΜΕΙΝ ΕΒΡΑΙΟΣ ΕΞ ΕΒΡΑΙΩΝ ΚΑΤΑ ΝΟΜΟΝ ΦΑΡΙΣΑΙΟΣ
3,6,ΚΑΤΑ ΖΗΛΟΣ ΔΙΩΚΩΝ ΤΗΝ ΕΚΚΛΗΣΙΑΝ ΚΑΤΑ ΔΙΚΑΙΟΣΥΝΗΝ ΤΗΝ ΕΝ ΝΟΜΩΙ ΓΕΝΟΜΕΝΟΣ ΑΜΕΜΠΤΟΣ
3,7,ΑΤΙΝΑ ΗΝ ΜΟΙ ΚΕΡΔΗ ΤΑΥΤΑ ΗΓΗΜΑΙ ΔΙΑ ΤΟΝ ΧΡΙΣΤΟΝ ΖΗΜΙΑΝ
3,8,ΑΛΛΑ ΜΕΝΟΥΝΓΕ ΚΑΙ ΗΓΟΥΜΑΙ ΠΑΝΤΑ ΖΗΜΙΑΝ ΕΙΝΑΙ ΔΙΑ ΤΟ ΥΠΕΡΕΧΟΝ ΤΗΣ ΓΝΩΣΕΩΣ ΧΡΙΣΤΟΥ ΙΗΣΟΥ ΤΟΥ ΚΥΡΙΟΥ ΜΟΥ ΔΙΑ ΟΝ ΤΑ ΠΑΝΤΑ ΕΖΗΜΙΩΘΗΝ ΚΑΙ ΗΓΟΥΜΑΙ ΣΚΥΒΑΛΑ ΙΝΑ ΧΡΙΣΤΟΝ ΚΕΡΔΗΣΩ
3,9,ΚΑΙ ΕΥΡΕΘΩ ΕΝ ΑΥΤΩΙ ΜΗ ΕΧΩΝ ΕΜΗΝ ΔΙΚΑΙΟΣΥΝΗΝ ΤΗΝ ΕΚ ΝΟΜΟΥ ΑΛΛΑ ΤΗΝ ΔΙΑ ΠΙΣΤΕΩΣ ΧΡΙΣΤΟΥ ΤΗΝ ΕΚ ΘΕΟΥ ΔΙΚΑΙΟΣΥΝΗΝ ΕΠΙ ΤΗΙ ΠΙΣΤΕΙ
3,10,ΤΟΥ ΓΝΩΝΑΙ ΑΥΤΟΝ ΚΑΙ ΤΗΝ ΔΥΝΑΜΙΝ ΤΗΣ ΑΝΑΣΤΑΣΕΩΣ ΑΥΤΟΥ ΚΑΙ ΚΟΙΝΩΝΙΑΝ ΠΑΘΗΜΑΤΩΝ ΑΥΤΟΥ ΣΥΜΜΟΡΦΙΖΟΜΕΝΟΣ ΤΩΙ ΘΑΝΑΤΩΙ ΑΥΤΟΥ
3,11,ΕΙ ΠΩΣ ΚΑΤΑΝΤΗΣΩ ΕΙΣ ΤΗΝ ΕΞΑΝΑΣΤΑΣΙΝ ΤΗΝ ΕΚ ΝΕΚΡΩΝ
3,12,ΟΥΧ ΟΤΙ ΗΔΗ ΕΛΑΒΟΝ Η ΗΔΗ ΤΕΤΕΛΕΙΩΜΑΙ ΔΙΩΚΩ ΔΕ ΕΙ ΚΑΙ ΚΑΤΑΛΑΒΩ ΕΠΙ ΩΙ ΚΑΙ ΚΑΤΕΛΗΜΦΘΗΝ ΥΠΟ ΧΡΙΣΤΟΥ ΙΗΣΟΥ
3,13,ΑΔΕΛΦΟΙ ΕΓΩ ΕΜΑΥΤΟΝ ΟΥ ΛΟΓΙΖΟΜΑΙ ΚΑΤΕΙΛΗΦΕΝΑΙ ΕΝ ΔΕ ΤΑ ΜΕΝ ΟΠΙΣΩ ΕΠΙΛΑΝΘΑΝΟΜΕΝΟΣ ΤΟΙΣ ΔΕ ΕΜΠΡΟΣΘΕΝ ΕΠΕΚΤΕΙΝΟΜΕΝΟΣ
3,14,ΚΑΤΑ ΣΚΟΠΟΝ ΔΙΩΚΩ ΕΙΣ ΤΟ ΒΡΑΒΕΙΟΝ ΤΗΣ ΑΝΩ ΚΛΗΣΕΩΣ ΤΟΥ ΘΕΟΥ ΕΝ ΧΡΙΣΤΩΙ ΙΗΣΟΥ
3,15,ΟΣΟΙ ΟΥΝ ΤΕΛΕΙΟΙ ΤΟΥΤΟ ΦΡΟΝΩΜΕΝ ΚΑΙ ΕΙ ΤΙ ΕΤΕΡΩΣ ΦΡΟΝΕΙΤΕ ΚΑΙ ΤΟΥΤΟ Ο ΘΕΟΣ ΥΜΙΝ ΑΠΟΚΑΛΥΨΕΙ
3,16,ΠΛΗΝ ΕΙΣ Ο ΕΦΘΑΣΑΜΕΝ ΤΩΙ ΑΥΤΩΙ ΣΤΟΙΧΕΙΝ
3,17,ΣΥΝΜΙΜΗΤΑΙ ΜΟΥ ΓΙΝΕΣΘΕ ΑΔΕΛΦΟΙ ΚΑΙ ΣΚΟΠΕΙΤΕ ΤΟΥΣ ΟΥΤΩ ΠΕΡΙΠΑΤΟΥΝΤΑΣ ΚΑΘΩΣ ΕΧΕΤΕ ΤΥΠΟΝ ΗΜΑΣ
3,18,ΠΟΛΛΟΙ ΓΑΡ ΠΕΡΙΠΑΤΟΥΣΙΝ ΟΥΣ ΠΟΛΛΑΚΙΣ ΕΛΕΓΟΝ ΥΜΙΝ ΝΥΝ ΔΕ ΚΑΙ ΚΛΑΙΩΝ ΛΕΓΩ ΤΟΥΣ ΕΧΘΡΟΥΣ ΤΟΥ ΣΤΑΥΡΟΥ ΤΟΥ ΧΡΙΣΤΟΥ
3,19,ΩΝ ΤΟ ΤΕΛΟΣ ΑΠΩΛΕΙΑ ΩΝ Ο ΘΕΟΣ Η ΚΟΙΛΙΑ ΚΑΙ Η ΔΟΞΑ ΕΝ ΤΗΙ ΑΙΣΧΥΝΗΙ ΑΥΤΩΝ ΟΙ ΤΑ ΕΠΙΓΕΙΑ ΦΡΟΝΟΥΝΤΕΣ
3,20,ΗΜΩΝ ΓΑΡ ΤΟ ΠΟΛΙΤΕΥΜΑ ΕΝ ΟΥΡΑΝΟΙΣ ΥΠΑΡΧΕΙ ΕΞ ΟΥ ΚΑΙ ΣΩΤΗΡΑ ΑΠΕΚΔΕΧΟΜΕΘΑ ΚΥΡΙΟΝ ΙΗΣΟΥΝ ΧΡΙΣΤΟΝ
3,21,ΟΣ ΜΕΤΑΣΧΗΜΑΤΙΣΕΙ ΤΟ ΣΩΜΑ ΤΗΣ ΤΑΠΕΙΝΩΣΕΩΣ ΗΜΩΝ ΣΥΜΜΟΡΦΟΝ ΤΩΙ ΣΩΜΑΤΙ ΤΗΣ ΔΟΞΗΣ ΑΥΤΟΥ ΚΑΤΑ ΤΗΝ ΕΝΕΡΓΕΙΑΝ ΤΟΥ ΔΥΝΑΣΘΑΙ ΑΥΤΟΝ ΚΑΙ ΥΠΟΤΑΞΑΙ ΑΥΤΩΙ ΤΑ ΠΑΝΤΑ
4,1,ΩΣΤΕ ΑΔΕΛΦΟΙ ΜΟΥ ΑΓΑΠΗΤΟΙ ΚΑΙ ΕΠΙΠΟΘΗΤΟΙ ΧΑΡΑ ΚΑΙ ΣΤΕΦΑΝΟΣ ΜΟΥ ΟΥΤΩΣ ΣΤΗΚΕΤΕ ΕΝ ΚΥΡΙΩΙ ΑΓΑΠΗΤΟΙ
4,2,ΕΥΟΔΙΑΝ ΠΑΡΑΚΑΛΩ ΚΑΙ ΣΥΝΤΥΧΗΝ ΠΑΡΑΚΑΛΩ ΤΟ ΑΥΤΟ ΦΡΟΝΕΙΝ ΕΝ ΚΥΡΙΩΙ
4,3,ΝΑΙ ΕΡΩΤΩ ΚΑΙ ΣΕ ΓΝΗΣΙΕ ΣΥΝΖΥΓΕ ΣΥΝΛΑΜΒΑΝΟΥ ΑΥΤΑΙΣ ΑΙΤΙΝΕΣ ΕΝ ΤΩΙ ΕΥΑΓΓΕΛΙΩΙ ΣΥΝΗΘΛΗΣΑΝ ΜΟΙ ΜΕΤΑ ΚΑΙ ΚΛΗΜΕΝΤΟΣ ΚΑΙ ΤΩΝ ΛΟΙΠΩΝ ΣΥΝΕΡΓΩΝ ΜΟΥ ΩΝ ΤΑ ΟΝΟΜΑΤΑ ΕΝ ΒΙΒΛΩΙ ΖΩΗΣ
4,4,ΧΑΙΡΕΤΕ ΕΝ ΚΥΡΙΩΙ ΠΑΝΤΟΤΕ ΠΑΛΙΝ ΕΡΩ ΧΑΙΡΕΤΕ
4,5,ΤΟ ΕΠΙΕΙΚΕΣ ΥΜΩΝ ΓΝΩΣΘΗΤΩ ΠΑΣΙΝ ΑΝΘΡΩΠΟΙΣ Ο ΚΥΡΙΟΣ ΕΓΓΥΣ
4,6,ΜΗΔΕΝ ΜΕΡΙΜΝΑΤΕ ΑΛΛΑ ΕΝ ΠΑΝΤΙ ΤΗΙ ΠΡΟΣΕΥΧΗΙ ΚΑΙ ΤΗΙ ΔΕΗΣΕΙ ΜΕΤΑ ΕΥΧΑΡΙΣΤΙΑΣ ΤΑ ΑΙΤΗΜΑΤΑ ΥΜΩΝ ΓΝΩΡΙΖΕΣΘΩ ΠΡΟΣ ΤΟΝ ΘΕΟΝ
4,7,ΚΑΙ Η ΕΙΡΗΝΗ ΤΟΥ ΘΕΟΥ Η ΥΠΕΡΕΧΟΥΣΑ ΠΑΝΤΑ ΝΟΥΝ ΦΡΟΥΡΗΣΕΙ ΤΑΣ ΚΑΡΔΙΑΣ ΥΜΩΝ ΚΑΙ ΤΑ ΝΟΗΜΑΤΑ ΥΜΩΝ ΕΝ ΧΡΙΣΤΩΙ ΙΗΣΟΥ
4,8,ΤΟ ΛΟΙΠΟΝ ΑΔΕΛΦΟΙ ΟΣΑ ΕΣΤΙΝ ΑΛΗΘΗ ΟΣΑ ΣΕΜΝΑ ΟΣΑ ΔΙΚΑΙΑ ΟΣΑ ΑΓΝΑ ΟΣΑ ΠΡΟΣΦΙΛΗ ΟΣΑ ΕΥΦΗΜΑ ΕΙ ΤΙΣ ΑΡΕΤΗ ΚΑΙ ΕΙ ΤΙΣ ΕΠΑΙΝΟΣ ΤΑΥΤΑ ΛΟΓΙΖΕΣΘΕ
4,9,Α ΚΑΙ ΕΜΑΘΕΤΕ ΚΑΙ ΠΑΡΕΛΑΒΕΤΕ ΚΑΙ ΗΚΟΥΣΑΤΕ ΚΑΙ ΕΙΔΕΤΕ ΕΝ ΕΜΟΙ ΤΑΥΤΑ ΠΡΑΣΣΕΤΕ ΚΑΙ Ο ΘΕΟΣ ΤΗΣ ΕΙΡΗΝΗΣ ΕΣΤΑΙ ΜΕΤΑ ΥΜΩΝ
4,10,ΕΧΑΡΗΝ ΔΕ ΕΝ ΚΥΡΙΩΙ ΜΕΓΑΛΩΣ ΟΤΙ ΗΔΗ ΠΟΤΕ ΑΝΕΘΑΛΕΤΕ ΤΟ ΥΠΕΡ ΕΜΟΥ ΦΡΟΝΕΙΝ ΕΠΙ ΩΙ ΚΑΙ ΕΦΡΟΝΕΙΤΕ ΗΚΑΙΡΕΙΣΘΕ ΔΕ
4,11,ΟΥΧ ΟΤΙ ΚΑΤΑ ΥΣΤΕΡΗΣΙΝ ΛΕΓΩ ΕΓΩ ΓΑΡ ΕΜΑΘΟΝ ΕΝ ΟΙΣ ΕΙΜΙ ΑΥΤΑΡΚΗΣ ΕΙΝΑΙ
4,12,ΟΙΔΑ ΚΑΙ ΤΑΠΕΙΝΟΥΣΘΑΙ ΟΙΔΑ ΚΑΙ ΠΕΡΙΣΣΕΥΕΙΝ ΕΝ ΠΑΝΤΙ ΚΑΙ ΕΝ ΠΑΣΙΝ ΜΕΜΥΗΜΑΙ ΚΑΙ ΧΟΡΤΑΖΕΣΘΑΙ ΚΑΙ ΠΕΙΝΑΝ ΚΑΙ ΠΕΡΙΣΣΕΥΕΙΝ ΚΑΙ ΥΣΤΕΡΕΙΣΘΑΙ
4,13,ΠΑΝΤΑ ΙΣΧΥΩ ΕΝ ΤΩΙ ΕΝΔΥΝΑΜΟΥΝΤΙ ΜΕ
4,14,ΠΛΗΝ ΚΑΛΩΣ ΕΠΟΙΗΣΑΤΕ ΣΥΝΚΟΙΝΩΝΗΣΑΝΤΕΣ ΜΟΥ ΤΗΙ ΘΛΙΨΕΙ
4,15,ΟΙΔΑΤΕ ΔΕ ΚΑΙ ΥΜΕΙΣ ΦΙΛΙΠΠΗΣΙΟΙ ΟΤΙ ΕΝ ΑΡΧΗΙ ΤΟΥ ΕΥΑΓΓΕΛΙΟΥ ΟΤΕ ΕΞΗΛΘΟΝ ΑΠΟ ΜΑΚΕΔΟΝΙΑΣ ΟΥΔΕΜΙΑ ΜΟΙ ΕΚΚΛΗΣΙΑ ΕΚΟΙΝΩΝΗΣΕΝ ΕΙΣ ΛΟΓΟΝ ΔΟΣΕΩΣ ΚΑΙ ΛΗΜΨΕΩΣ ΕΙ ΜΗ ΥΜΕΙΣ ΜΟΝΟΙ
4,16,ΟΤΙ ΚΑΙ ΕΝ ΘΕΣΣΑΛΟΝΙΚΗΙ ΚΑΙ ΑΠΑΞ ΚΑΙ ΔΙΣ ΕΙΣ ΤΗΝ ΧΡΕΙΑΝ ΜΟΙ ΕΠΕΜΨΑΤΕ
4,17,ΟΥΧ ΟΤΙ ΕΠΙΖΗΤΩ ΤΟ ΔΟΜΑ ΑΛΛΑ ΕΠΙΖΗΤΩ ΤΟΝ ΚΑΡΠΟΝ ΤΟΝ ΠΛΕΟΝΑΖΟΝΤΑ ΕΙΣ ΛΟΓΟΝ ΥΜΩΝ
4,18,ΑΠΕΧΩ ΔΕ ΠΑΝΤΑ ΚΑΙ ΠΕΡΙΣΣΕΥΩ ΠΕΠΛΗΡΩΜΑΙ ΔΕΞΑΜΕΝΟΣ ΠΑΡΑ ΕΠΑΦΡΟΔΙΤΟΥ ΤΑ ΠΑΡΑ ΥΜΩΝ ΟΣΜΗΝ ΕΥΩΔΙΑΣ ΘΥΣΙΑΝ ΔΕΚΤΗΝ ΕΥΑΡΕΣΤΟΝ ΤΩΙ ΘΕΩΙ
4,19,Ο ΔΕ ΘΕΟΣ ΜΟΥ ΠΛΗΡΩΣΕΙ ΠΑΣΑΝ ΧΡΕΙΑΝ ΥΜΩΝ ΚΑΤΑ ΤΟ ΠΛΟΥΤΟΣ ΑΥΤΟΥ ΕΝ ΔΟΞΗΙ ΕΝ ΧΡΙΣΤΩΙ ΙΗΣΟΥ
4,20,ΤΩΙ ΔΕ ΘΕΩΙ ΚΑΙ ΠΑΤΡΙ ΗΜΩΝ Η ΔΟΞΑ ΕΙΣ ΤΟΥΣ ΑΙΩΝΑΣ ΤΩΝ ΑΙΩΝΩΝ ΑΜΗΝ
4,21,ΑΣΠΑΣΑΣΘΕ ΠΑΝΤΑ ΑΓΙΟΝ ΕΝ ΧΡΙΣΤΩΙ ΙΗΣΟΥ ΑΣΠΑΖΟΝΤΑΙ ΥΜΑΣ ΟΙ ΣΥΝ ΕΜΟΙ ΑΔΕΛΦΟΙ
4,22,ΑΣΠΑΖΟΝΤΑΙ ΥΜΑΣ ΠΑΝΤΕΣ ΟΙ ΑΓΙΟΙ ΜΑΛΙΣΤΑ ΔΕ ΟΙ ΕΚ ΤΗΣ ΚΑΙΣΑΡΟΣ ΟΙΚΙΑΣ
4,23,Η ΧΑΡΙΣ ΤΟΥ ΚΥΡΙΟΥ ΙΗΣΟΥ ΧΡΙΣΤΟΥ ΜΕΤΑ ΤΟΥ ΠΝΕΥΜΑΤΟΣ ΥΜΩΝ ΑΜΗΝ
